{"cameraMode":{"drawMode":0,"name":"Shaded","section":"Shading Mode"},"sceneLighting":true,"audioPlay":false,"sceneViewState":{"m_AlwaysRefresh":false,"showFog":true,"showSkybox":true,"showFlares":true,"showImageEffects":true,"showParticleSystems":true,"showVisualEffectGraphs":true,"m_FxEnabled":true},"in2DMode":false,"pivot":{"x":-12.299936294555664,"y":12.088907241821289,"z":-16.859333038330079},"rotation":{"x":0.1811128705739975,"y":0.22042407095432282,"z":-0.04068061709403992,"w":0.9580894708633423},"size":29.095415115356447,"orthographic":true}